,male,female
leq50,0.2647841076588295,0.2772361365465215
51to80,0.189983378358942,0.19891774581937516
over80,0.03374583150051809,0.03533280011581379
